product_id,product_name,brand,category,unit,image,chain,store_id,price,in_stock,product_url,last_checked
milk-vnm-1l,Sữa tươi Vinamilk có đường 1L,Vinamilk,Sữa,Hộp 1L,https://cdnv2.tgdd.vn/bhx-static/bhx/Products/Images/2386/79312/bhx/79312-thumb-moi_202410291615089248.jpg,bhx,bhx-q1,40500,TRUE,https://www.bachhoaxanh.com/sua-tuoi/sttt-vinamilk-dan-bo-cd-1l,2026-06-18
milk-vnm-1l,Sữa tươi Vinamilk có đường 1L,Vinamilk,Sữa,Hộp 1L,https://cdnv2.tgdd.vn/bhx-static/bhx/Products/Images/2386/79312/bhx/79312-thumb-moi_202410291615089248.jpg,bhx,bhx-q3,40500,TRUE,https://www.bachhoaxanh.com/sua-tuoi/sttt-vinamilk-dan-bo-cd-1l,2026-06-18
milk-vnm-1l,Sữa tươi Vinamilk có đường 1L,Vinamilk,Sữa,Hộp 1L,https://cdnv2.tgdd.vn/bhx-static/bhx/Products/Images/2386/79312/bhx/79312-thumb-moi_202410291615089248.jpg,bhx,bhx-bt,40500,TRUE,https://www.bachhoaxanh.com/sua-tuoi/sttt-vinamilk-dan-bo-cd-1l,2026-06-18
milk-vnm-1l,Sữa tươi Vinamilk có đường 1L,Vinamilk,Sữa,Hộp 1L,https://cdnv2.tgdd.vn/bhx-static/bhx/Products/Images/2386/79312/bhx/79312-thumb-moi_202410291615089248.jpg,coop,coop-q1,37500,TRUE,https://cooponline.vn/sua-tuoi-tiet-trung-vinamilk-100-co-duong-hop-giay-1l--s250106405,2026-06-18
milk-vnm-1l,Sữa tươi Vinamilk có đường 1L,Vinamilk,Sữa,Hộp 1L,https://cdnv2.tgdd.vn/bhx-static/bhx/Products/Images/2386/79312/bhx/79312-thumb-moi_202410291615089248.jpg,coop,coop-bt,37500,TRUE,https://cooponline.vn/sua-tuoi-tiet-trung-vinamilk-100-co-duong-hop-giay-1l--s250106405,2026-06-18
oil-neptune-1l,Dầu ăn Neptune Light 1L,Neptune,Dầu ăn,Chai 1L,https://cdnv2.tgdd.vn/bhx-static/bhx/Products/Images/2286/226995/bhx/226995-thumb-moi_202411071422115102.jpg,bhx,bhx-q1,65000,TRUE,https://www.bachhoaxanh.com/dau-an/dau-an-thuong-hang-neptune-light-chai-1-lit,2026-06-18
oil-neptune-1l,Dầu ăn Neptune Light 1L,Neptune,Dầu ăn,Chai 1L,https://cdnv2.tgdd.vn/bhx-static/bhx/Products/Images/2286/226995/bhx/226995-thumb-moi_202411071422115102.jpg,bhx,bhx-q3,65000,TRUE,https://www.bachhoaxanh.com/dau-an/dau-an-thuong-hang-neptune-light-chai-1-lit,2026-06-18
oil-neptune-1l,Dầu ăn Neptune Light 1L,Neptune,Dầu ăn,Chai 1L,https://cdnv2.tgdd.vn/bhx-static/bhx/Products/Images/2286/226995/bhx/226995-thumb-moi_202411071422115102.jpg,bhx,bhx-bt,65000,TRUE,https://www.bachhoaxanh.com/dau-an/dau-an-thuong-hang-neptune-light-chai-1-lit,2026-06-18
oil-neptune-1l,Dầu ăn Neptune Light 1L,Neptune,Dầu ăn,Chai 1L,https://cdnv2.tgdd.vn/bhx-static/bhx/Products/Images/2286/226995/bhx/226995-thumb-moi_202411071422115102.jpg,coop,coop-q1,58500,TRUE,https://cooponline.vn/dau-an-neptune-light-chai-1l--s250110731,2026-06-18
oil-neptune-1l,Dầu ăn Neptune Light 1L,Neptune,Dầu ăn,Chai 1L,https://cdnv2.tgdd.vn/bhx-static/bhx/Products/Images/2286/226995/bhx/226995-thumb-moi_202411071422115102.jpg,coop,coop-bt,58500,TRUE,https://cooponline.vn/dau-an-neptune-light-chai-1l--s250110731,2026-06-18
fishsauce-namngu-900,Nước mắm Nam Ngư 900ml,Nam Ngư,Gia vị,Chai 900ml,https://cdnv2.tgdd.vn/bhx-static/bhx/Products/Images/2289/79053/bhx/nuoc-mam-nam-ngu-chai-pet-900ml-15_202512021341395080.jpg,bhx,bhx-q1,62500,TRUE,https://www.bachhoaxanh.com/nuoc-mam/nuoc-mam-nam-ngu-chai-pet-900ml-15,2026-06-18
fishsauce-namngu-900,Nước mắm Nam Ngư 900ml,Nam Ngư,Gia vị,Chai 900ml,https://cdnv2.tgdd.vn/bhx-static/bhx/Products/Images/2289/79053/bhx/nuoc-mam-nam-ngu-chai-pet-900ml-15_202512021341395080.jpg,bhx,bhx-q3,62500,TRUE,https://www.bachhoaxanh.com/nuoc-mam/nuoc-mam-nam-ngu-chai-pet-900ml-15,2026-06-18
fishsauce-namngu-900,Nước mắm Nam Ngư 900ml,Nam Ngư,Gia vị,Chai 900ml,https://cdnv2.tgdd.vn/bhx-static/bhx/Products/Images/2289/79053/bhx/nuoc-mam-nam-ngu-chai-pet-900ml-15_202512021341395080.jpg,bhx,bhx-bt,62500,TRUE,https://www.bachhoaxanh.com/nuoc-mam/nuoc-mam-nam-ngu-chai-pet-900ml-15,2026-06-18
fishsauce-namngu-900,Nước mắm Nam Ngư 900ml,Nam Ngư,Gia vị,Chai 900ml,https://cdnv2.tgdd.vn/bhx-static/bhx/Products/Images/2289/79053/bhx/nuoc-mam-nam-ngu-chai-pet-900ml-15_202512021341395080.jpg,coop,coop-q1,52800,TRUE,https://cooponline.vn/nuoc-mam-nam-ngu-3in1-900ml--s250102285,2026-06-18
fishsauce-namngu-900,Nước mắm Nam Ngư 900ml,Nam Ngư,Gia vị,Chai 900ml,https://cdnv2.tgdd.vn/bhx-static/bhx/Products/Images/2289/79053/bhx/nuoc-mam-nam-ngu-chai-pet-900ml-15_202512021341395080.jpg,coop,coop-bt,52800,TRUE,https://cooponline.vn/nuoc-mam-nam-ngu-3in1-900ml--s250102285,2026-06-18
noodle-haohao-75,Mì Hảo Hảo tôm chua cay 75g,Hảo Hảo,Mì gói,Gói 75g,https://cdnv2.tgdd.vn/bhx-static/bhx/Products/Images/2565/77622/bhx/77622_202410151353279924.jpg,bhx,bhx-q1,4400,TRUE,https://www.bachhoaxanh.com/mi/mi-hao-hao-tom-chua-cay-goi-75g,2026-06-18
noodle-haohao-75,Mì Hảo Hảo tôm chua cay 75g,Hảo Hảo,Mì gói,Gói 75g,https://cdnv2.tgdd.vn/bhx-static/bhx/Products/Images/2565/77622/bhx/77622_202410151353279924.jpg,bhx,bhx-q3,4400,TRUE,https://www.bachhoaxanh.com/mi/mi-hao-hao-tom-chua-cay-goi-75g,2026-06-18
noodle-haohao-75,Mì Hảo Hảo tôm chua cay 75g,Hảo Hảo,Mì gói,Gói 75g,https://cdnv2.tgdd.vn/bhx-static/bhx/Products/Images/2565/77622/bhx/77622_202410151353279924.jpg,bhx,bhx-bt,4400,TRUE,https://www.bachhoaxanh.com/mi/mi-hao-hao-tom-chua-cay-goi-75g,2026-06-18
noodle-haohao-75,Mì Hảo Hảo tôm chua cay 75g,Hảo Hảo,Mì gói,Gói 75g,https://cdnv2.tgdd.vn/bhx-static/bhx/Products/Images/2565/77622/bhx/77622_202410151353279924.jpg,coop,coop-q1,4300,TRUE,https://cooponline.vn/mi-hao-hao-vi-tom-chua-cay-goi-75g--s250100224,2026-06-18
noodle-haohao-75,Mì Hảo Hảo tôm chua cay 75g,Hảo Hảo,Mì gói,Gói 75g,https://cdnv2.tgdd.vn/bhx-static/bhx/Products/Images/2565/77622/bhx/77622_202410151353279924.jpg,coop,coop-bt,4300,TRUE,https://cooponline.vn/mi-hao-hao-vi-tom-chua-cay-goi-75g--s250100224,2026-06-18
dish-sunlight-725,Nước rửa chén Sunlight chanh,Sunlight,Hóa phẩm,Chai 725-750g,https://cdnv2.tgdd.vn/bhx-static/bhx/Products/Images/2387/76486/bhx/nuoc-rua-chen-sunlight-chanh-100-chiet-xuat-chanh-tuoi-chai-725-ml_202508041540328110.jpg,bhx,bhx-q1,27500,TRUE,https://www.bachhoaxanh.com/nuoc-rua-chen/nuoc-rua-chen-sunlight-chanh-100-chiet-xuat-chanh-tuoi-chai-725-ml,2026-06-18
dish-sunlight-725,Nước rửa chén Sunlight chanh,Sunlight,Hóa phẩm,Chai 725-750g,https://cdnv2.tgdd.vn/bhx-static/bhx/Products/Images/2387/76486/bhx/nuoc-rua-chen-sunlight-chanh-100-chiet-xuat-chanh-tuoi-chai-725-ml_202508041540328110.jpg,bhx,bhx-q3,27500,TRUE,https://www.bachhoaxanh.com/nuoc-rua-chen/nuoc-rua-chen-sunlight-chanh-100-chiet-xuat-chanh-tuoi-chai-725-ml,2026-06-18
dish-sunlight-725,Nước rửa chén Sunlight chanh,Sunlight,Hóa phẩm,Chai 725-750g,https://cdnv2.tgdd.vn/bhx-static/bhx/Products/Images/2387/76486/bhx/nuoc-rua-chen-sunlight-chanh-100-chiet-xuat-chanh-tuoi-chai-725-ml_202508041540328110.jpg,bhx,bhx-bt,27500,TRUE,https://www.bachhoaxanh.com/nuoc-rua-chen/nuoc-rua-chen-sunlight-chanh-100-chiet-xuat-chanh-tuoi-chai-725-ml,2026-06-18
dish-sunlight-725,Nước rửa chén Sunlight chanh,Sunlight,Hóa phẩm,Chai 725-750g,https://cdnv2.tgdd.vn/bhx-static/bhx/Products/Images/2387/76486/bhx/nuoc-rua-chen-sunlight-chanh-100-chiet-xuat-chanh-tuoi-chai-725-ml_202508041540328110.jpg,coop,coop-q1,27400,TRUE,https://cooponline.vn/nuoc-rua-chen-sunlight-chanh-750g--s250109269,2026-06-18
dish-sunlight-725,Nước rửa chén Sunlight chanh,Sunlight,Hóa phẩm,Chai 725-750g,https://cdnv2.tgdd.vn/bhx-static/bhx/Products/Images/2387/76486/bhx/nuoc-rua-chen-sunlight-chanh-100-chiet-xuat-chanh-tuoi-chai-725-ml_202508041540328110.jpg,coop,coop-bt,27400,TRUE,https://cooponline.vn/nuoc-rua-chen-sunlight-chanh-750g--s250109269,2026-06-18
detergent-omo-matic-2800,Nước giặt Omo Matic cửa trước 2.8kg,Omo,Giặt giũ,Túi 2.8kg,https://cdnv2.tgdd.vn/bhx-static/bhx/Products/Images/2464/222104/bhx/nuoc-giat-omo-matic-ben-dep-cua-truoc-luu-va-tre-tui-28-lit_202507091408553418.jpg,bhx,bhx-q1,200000,TRUE,https://www.bachhoaxanh.com/nuoc-giat/nuoc-giat-omo-matic-ben-dep-cua-truoc-luu-va-tre-tui-28-lit,2026-06-18
detergent-omo-matic-2800,Nước giặt Omo Matic cửa trước 2.8kg,Omo,Giặt giũ,Túi 2.8kg,https://cdnv2.tgdd.vn/bhx-static/bhx/Products/Images/2464/222104/bhx/nuoc-giat-omo-matic-ben-dep-cua-truoc-luu-va-tre-tui-28-lit_202507091408553418.jpg,bhx,bhx-q3,200000,TRUE,https://www.bachhoaxanh.com/nuoc-giat/nuoc-giat-omo-matic-ben-dep-cua-truoc-luu-va-tre-tui-28-lit,2026-06-18
detergent-omo-matic-2800,Nước giặt Omo Matic cửa trước 2.8kg,Omo,Giặt giũ,Túi 2.8kg,https://cdnv2.tgdd.vn/bhx-static/bhx/Products/Images/2464/222104/bhx/nuoc-giat-omo-matic-ben-dep-cua-truoc-luu-va-tre-tui-28-lit_202507091408553418.jpg,bhx,bhx-bt,200000,TRUE,https://www.bachhoaxanh.com/nuoc-giat/nuoc-giat-omo-matic-ben-dep-cua-truoc-luu-va-tre-tui-28-lit,2026-06-18
detergent-omo-matic-2800,Nước giặt Omo Matic cửa trước 2.8kg,Omo,Giặt giũ,Túi 2.8kg,https://cdnv2.tgdd.vn/bhx-static/bhx/Products/Images/2464/222104/bhx/nuoc-giat-omo-matic-ben-dep-cua-truoc-luu-va-tre-tui-28-lit_202507091408553418.jpg,coop,coop-q1,148900,TRUE,https://cooponline.vn/nuoc-giat-omo-matic-chuyen-gia-giu-mau-cua-truoc-2-8kg--s250103826,2026-06-18
detergent-omo-matic-2800,Nước giặt Omo Matic cửa trước 2.8kg,Omo,Giặt giũ,Túi 2.8kg,https://cdnv2.tgdd.vn/bhx-static/bhx/Products/Images/2464/222104/bhx/nuoc-giat-omo-matic-ben-dep-cua-truoc-luu-va-tre-tui-28-lit_202507091408553418.jpg,coop,coop-bt,148900,TRUE,https://cooponline.vn/nuoc-giat-omo-matic-chuyen-gia-giu-mau-cua-truoc-2-8kg--s250103826,2026-06-18
tea-khongdo-455,Trà xanh Không Độ chanh 455ml,Không Độ,Đồ uống,Chai 455ml,https://cdnv2.tgdd.vn/bhx-static/bhx/Products/Images/8938/85739/bhx/85739_202410301432453335.jpg,bhx,bhx-q1,11300,TRUE,https://www.bachhoaxanh.com/nuoc-tra/tra-xanh-khong-do-chanh-chai-455ml,2026-06-18
tea-khongdo-455,Trà xanh Không Độ chanh 455ml,Không Độ,Đồ uống,Chai 455ml,https://cdnv2.tgdd.vn/bhx-static/bhx/Products/Images/8938/85739/bhx/85739_202410301432453335.jpg,bhx,bhx-q3,11300,TRUE,https://www.bachhoaxanh.com/nuoc-tra/tra-xanh-khong-do-chanh-chai-455ml,2026-06-18
tea-khongdo-455,Trà xanh Không Độ chanh 455ml,Không Độ,Đồ uống,Chai 455ml,https://cdnv2.tgdd.vn/bhx-static/bhx/Products/Images/8938/85739/bhx/85739_202410301432453335.jpg,bhx,bhx-bt,11300,TRUE,https://www.bachhoaxanh.com/nuoc-tra/tra-xanh-khong-do-chanh-chai-455ml,2026-06-18
sugar-bienhoa-1kg,Đường trắng Biên Hòa 1kg,Biên Hòa,Thực phẩm,Túi 1kg,https://cdnv2.tgdd.vn/bhx-static/bhx/Products/Images/2804/85200/bhx/85200-thumb-moi_202411112105174163.jpg,bhx,bhx-q1,29000,TRUE,https://www.bachhoaxanh.com/duong/duong-tui-bien-hoa-pure-1kg-x-20,2026-06-18
sugar-bienhoa-1kg,Đường trắng Biên Hòa 1kg,Biên Hòa,Thực phẩm,Túi 1kg,https://cdnv2.tgdd.vn/bhx-static/bhx/Products/Images/2804/85200/bhx/85200-thumb-moi_202411112105174163.jpg,bhx,bhx-q3,29000,TRUE,https://www.bachhoaxanh.com/duong/duong-tui-bien-hoa-pure-1kg-x-20,2026-06-18
sugar-bienhoa-1kg,Đường trắng Biên Hòa 1kg,Biên Hòa,Thực phẩm,Túi 1kg,https://cdnv2.tgdd.vn/bhx-static/bhx/Products/Images/2804/85200/bhx/85200-thumb-moi_202411112105174163.jpg,bhx,bhx-bt,29000,TRUE,https://www.bachhoaxanh.com/duong/duong-tui-bien-hoa-pure-1kg-x-20,2026-06-18
sugar-bienhoa-1kg,Đường trắng Biên Hòa 1kg,Biên Hòa,Thực phẩm,Túi 1kg,https://cdnv2.tgdd.vn/bhx-static/bhx/Products/Images/2804/85200/bhx/85200-thumb-moi_202411112105174163.jpg,coop,coop-q1,27200,TRUE,https://cooponline.vn/duong-sach-bien-hoa-1kg--s250101347,2026-06-18
sugar-bienhoa-1kg,Đường trắng Biên Hòa 1kg,Biên Hòa,Thực phẩm,Túi 1kg,https://cdnv2.tgdd.vn/bhx-static/bhx/Products/Images/2804/85200/bhx/85200-thumb-moi_202411112105174163.jpg,coop,coop-bt,27200,TRUE,https://cooponline.vn/duong-sach-bien-hoa-1kg--s250101347,2026-06-18
coke-15l,Coca-Cola 1.5L,Coca-Cola,Đồ uống,Chai 1.5L,https://cdnv2.tgdd.vn/bhx-static/bhx/Products/Images/2443/222274/bhx/222274_202411041546303877.jpg,bhx,bhx-q1,16000,TRUE,https://www.bachhoaxanh.com/nuoc-ngot/nuoc-ngot-coca-cola-nguyen-ban-giam-duong-chai-15-lit,2026-06-18
coke-15l,Coca-Cola 1.5L,Coca-Cola,Đồ uống,Chai 1.5L,https://cdnv2.tgdd.vn/bhx-static/bhx/Products/Images/2443/222274/bhx/222274_202411041546303877.jpg,bhx,bhx-q3,16000,TRUE,https://www.bachhoaxanh.com/nuoc-ngot/nuoc-ngot-coca-cola-nguyen-ban-giam-duong-chai-15-lit,2026-06-18
coke-15l,Coca-Cola 1.5L,Coca-Cola,Đồ uống,Chai 1.5L,https://cdnv2.tgdd.vn/bhx-static/bhx/Products/Images/2443/222274/bhx/222274_202411041546303877.jpg,bhx,bhx-bt,16000,TRUE,https://www.bachhoaxanh.com/nuoc-ngot/nuoc-ngot-coca-cola-nguyen-ban-giam-duong-chai-15-lit,2026-06-18
coke-15l,Coca-Cola 1.5L,Coca-Cola,Đồ uống,Chai 1.5L,https://cdnv2.tgdd.vn/bhx-static/bhx/Products/Images/2443/222274/bhx/222274_202411041546303877.jpg,coop,coop-q1,20600,TRUE,https://cooponline.vn/nuoc-giai-khat-coca-cola-giam-duong-1-5l--s250102844,2026-06-18
coke-15l,Coca-Cola 1.5L,Coca-Cola,Đồ uống,Chai 1.5L,https://cdnv2.tgdd.vn/bhx-static/bhx/Products/Images/2443/222274/bhx/222274_202411041546303877.jpg,coop,coop-bt,20600,TRUE,https://cooponline.vn/nuoc-giai-khat-coca-cola-giam-duong-1-5l--s250102844,2026-06-18
noodle-omachi-suon-80,Mì Omachi sườn hầm 80g,Omachi,Mì gói,Gói 80g,https://lh3.googleusercontent.com/TVGYbwOfDW44Sv0-6WKS1LLaU8KKkMRxKtpr5OvUTuk7ezeT3tiIisc8JDBOB5Ssu8L8bNdGh6BCK0XmjjM6X0NiqjGVUYQ,bhx,bhx-q1,9500,TRUE,https://www.bachhoaxanh.com/mi/mi-omachi-suon-ngu-qua-80g,2026-06-18
noodle-omachi-suon-80,Mì Omachi sườn hầm 80g,Omachi,Mì gói,Gói 80g,https://lh3.googleusercontent.com/TVGYbwOfDW44Sv0-6WKS1LLaU8KKkMRxKtpr5OvUTuk7ezeT3tiIisc8JDBOB5Ssu8L8bNdGh6BCK0XmjjM6X0NiqjGVUYQ,bhx,bhx-q3,9500,TRUE,https://www.bachhoaxanh.com/mi/mi-omachi-suon-ngu-qua-80g,2026-06-18
noodle-omachi-suon-80,Mì Omachi sườn hầm 80g,Omachi,Mì gói,Gói 80g,https://lh3.googleusercontent.com/TVGYbwOfDW44Sv0-6WKS1LLaU8KKkMRxKtpr5OvUTuk7ezeT3tiIisc8JDBOB5Ssu8L8bNdGh6BCK0XmjjM6X0NiqjGVUYQ,bhx,bhx-bt,9500,TRUE,https://www.bachhoaxanh.com/mi/mi-omachi-suon-ngu-qua-80g,2026-06-18
noodle-omachi-suon-80,Mì Omachi sườn hầm 80g,Omachi,Mì gói,Gói 80g,https://lh3.googleusercontent.com/TVGYbwOfDW44Sv0-6WKS1LLaU8KKkMRxKtpr5OvUTuk7ezeT3tiIisc8JDBOB5Ssu8L8bNdGh6BCK0XmjjM6X0NiqjGVUYQ,coop,coop-q1,8200,TRUE,https://cooponline.vn/mi-dinh-duong-omachi-suon-ham-ngu-qua-80g--s250107848,2026-06-18
noodle-omachi-suon-80,Mì Omachi sườn hầm 80g,Omachi,Mì gói,Gói 80g,https://lh3.googleusercontent.com/TVGYbwOfDW44Sv0-6WKS1LLaU8KKkMRxKtpr5OvUTuk7ezeT3tiIisc8JDBOB5Ssu8L8bNdGh6BCK0XmjjM6X0NiqjGVUYQ,coop,coop-bt,8200,TRUE,https://cooponline.vn/mi-dinh-duong-omachi-suon-ham-ngu-qua-80g--s250107848,2026-06-18
condmilk-ongtho-380,Sữa đặc Ông Thọ lon 380g,Ông Thọ,Sữa,Lon 380g,https://cdnv2.tgdd.vn/bhx-static/bhx/Products/Images/2526/92440/bhx/92440-thumb-moi_202411221651465413.jpg,bhx,bhx-q1,34500,TRUE,https://www.bachhoaxanh.com/sua-dac/sua-dac-ong-tho-trang-lon-nap-giat-380g,2026-06-18
condmilk-ongtho-380,Sữa đặc Ông Thọ lon 380g,Ông Thọ,Sữa,Lon 380g,https://cdnv2.tgdd.vn/bhx-static/bhx/Products/Images/2526/92440/bhx/92440-thumb-moi_202411221651465413.jpg,bhx,bhx-q3,34500,TRUE,https://www.bachhoaxanh.com/sua-dac/sua-dac-ong-tho-trang-lon-nap-giat-380g,2026-06-18
condmilk-ongtho-380,Sữa đặc Ông Thọ lon 380g,Ông Thọ,Sữa,Lon 380g,https://cdnv2.tgdd.vn/bhx-static/bhx/Products/Images/2526/92440/bhx/92440-thumb-moi_202411221651465413.jpg,bhx,bhx-bt,34500,TRUE,https://www.bachhoaxanh.com/sua-dac/sua-dac-ong-tho-trang-lon-nap-giat-380g,2026-06-18
condmilk-ongtho-380,Sữa đặc Ông Thọ lon 380g,Ông Thọ,Sữa,Lon 380g,https://cdnv2.tgdd.vn/bhx-static/bhx/Products/Images/2526/92440/bhx/92440-thumb-moi_202411221651465413.jpg,coop,coop-q1,27700,TRUE,https://cooponline.vn/sua-dac-co-duong-ong-tho-nhan-do-380g--s250515045,2026-06-18
condmilk-ongtho-380,Sữa đặc Ông Thọ lon 380g,Ông Thọ,Sữa,Lon 380g,https://cdnv2.tgdd.vn/bhx-static/bhx/Products/Images/2526/92440/bhx/92440-thumb-moi_202411221651465413.jpg,coop,coop-bt,27700,TRUE,https://cooponline.vn/sua-dac-co-duong-ong-tho-nhan-do-380g--s250515045,2026-06-18
yakult-loc5-65,Sữa chua uống Yakult lốc 5 x 65ml,Yakult,Sữa,Lốc 5 x 65ml,https://cdnv2.tgdd.vn/bhx-static/bhx/Products/Images/7598/323707/bhx/323707-1_202411251322391721.jpg,bhx,bhx-q1,26000,TRUE,https://www.bachhoaxanh.com/sua-chua-an/loc-5-chai-sua-uong-len-men-yakultt-65ml,2026-06-18
yakult-loc5-65,Sữa chua uống Yakult lốc 5 x 65ml,Yakult,Sữa,Lốc 5 x 65ml,https://cdnv2.tgdd.vn/bhx-static/bhx/Products/Images/7598/323707/bhx/323707-1_202411251322391721.jpg,bhx,bhx-q3,26000,TRUE,https://www.bachhoaxanh.com/sua-chua-an/loc-5-chai-sua-uong-len-men-yakultt-65ml,2026-06-18
yakult-loc5-65,Sữa chua uống Yakult lốc 5 x 65ml,Yakult,Sữa,Lốc 5 x 65ml,https://cdnv2.tgdd.vn/bhx-static/bhx/Products/Images/7598/323707/bhx/323707-1_202411251322391721.jpg,bhx,bhx-bt,26000,TRUE,https://www.bachhoaxanh.com/sua-chua-an/loc-5-chai-sua-uong-len-men-yakultt-65ml,2026-06-18
yakult-loc5-65,Sữa chua uống Yakult lốc 5 x 65ml,Yakult,Sữa,Lốc 5 x 65ml,https://cdnv2.tgdd.vn/bhx-static/bhx/Products/Images/7598/323707/bhx/323707-1_202411251322391721.jpg,coop,coop-q1,25900,TRUE,https://cooponline.vn/sua-uong-len-men-yakult-loc-5-x-65ml--s250105200,2026-06-18
yakult-loc5-65,Sữa chua uống Yakult lốc 5 x 65ml,Yakult,Sữa,Lốc 5 x 65ml,https://cdnv2.tgdd.vn/bhx-static/bhx/Products/Images/7598/323707/bhx/323707-1_202411251322391721.jpg,coop,coop-bt,25900,TRUE,https://cooponline.vn/sua-uong-len-men-yakult-loc-5-x-65ml--s250105200,2026-06-18
yakult-loc5-65,Sữa chua uống Yakult lốc 5 x 65ml,Yakult,Sữa,Lốc 5 x 65ml,https://cdnv2.tgdd.vn/bhx-static/bhx/Products/Images/7598/323707/bhx/323707-1_202411251322391721.jpg,concung,cc-q3,27000,TRUE,https://concung.com/pho-mai-cho-be/loc-5-chai-sua-uong-len-men-yakult-65ml-55760.html,2026-06-18
yakult-loc5-65,Sữa chua uống Yakult lốc 5 x 65ml,Yakult,Sữa,Lốc 5 x 65ml,https://cdnv2.tgdd.vn/bhx-static/bhx/Products/Images/7598/323707/bhx/323707-1_202411251322391721.jpg,concung,cc-pn,27000,TRUE,https://concung.com/pho-mai-cho-be/loc-5-chai-sua-uong-len-men-yakult-65ml-55760.html,2026-06-18
coffee-g7-3in1-21,Cà phê G7 3in1 hộp 21 gói,G7,Cà phê,Hộp 21 gói,https://cdnv2.tgdd.vn/bhx-static/bhx/Products/Images/2524/77117/bhx/77117_202411180936179537.jpg,bhx,bhx-q1,85000,TRUE,https://www.bachhoaxanh.com/ca-phe-hoa-tan/ca-phe-g7-3in1-hop-21-sachets-16g,2026-06-18
coffee-g7-3in1-21,Cà phê G7 3in1 hộp 21 gói,G7,Cà phê,Hộp 21 gói,https://cdnv2.tgdd.vn/bhx-static/bhx/Products/Images/2524/77117/bhx/77117_202411180936179537.jpg,bhx,bhx-q3,85000,TRUE,https://www.bachhoaxanh.com/ca-phe-hoa-tan/ca-phe-g7-3in1-hop-21-sachets-16g,2026-06-18
coffee-g7-3in1-21,Cà phê G7 3in1 hộp 21 gói,G7,Cà phê,Hộp 21 gói,https://cdnv2.tgdd.vn/bhx-static/bhx/Products/Images/2524/77117/bhx/77117_202411180936179537.jpg,bhx,bhx-bt,85000,TRUE,https://www.bachhoaxanh.com/ca-phe-hoa-tan/ca-phe-g7-3in1-hop-21-sachets-16g,2026-06-18
coffee-g7-3in1-21,Cà phê G7 3in1 hộp 21 gói,G7,Cà phê,Hộp 21 gói,https://cdnv2.tgdd.vn/bhx-static/bhx/Products/Images/2524/77117/bhx/77117_202411180936179537.jpg,coop,coop-q1,75500,TRUE,https://cooponline.vn/ca-phe-hoa-tan-3in1-g7-hop-21-goi-x-16g--s250107951,2026-06-18
coffee-g7-3in1-21,Cà phê G7 3in1 hộp 21 gói,G7,Cà phê,Hộp 21 gói,https://cdnv2.tgdd.vn/bhx-static/bhx/Products/Images/2524/77117/bhx/77117_202411180936179537.jpg,coop,coop-bt,75500,TRUE,https://cooponline.vn/ca-phe-hoa-tan-3in1-g7-hop-21-goi-x-16g--s250107951,2026-06-18
msg-ajinomoto-454,Bột ngọt Ajinomoto 454g,Ajinomoto,Gia vị,Gói 454g,https://cdnv2.tgdd.vn/bhx-static/bhx/Products/Images/2806/77081/bhx/bot-ngot-ajinomoto-hat-lon-goi-454g_202511031324186725.jpg,bhx,bhx-q1,36000,TRUE,https://www.bachhoaxanh.com/hat-nem/bot-ngot-ajinomoto-hat-lon-goi-454g,2026-06-18
msg-ajinomoto-454,Bột ngọt Ajinomoto 454g,Ajinomoto,Gia vị,Gói 454g,https://cdnv2.tgdd.vn/bhx-static/bhx/Products/Images/2806/77081/bhx/bot-ngot-ajinomoto-hat-lon-goi-454g_202511031324186725.jpg,bhx,bhx-q3,36000,TRUE,https://www.bachhoaxanh.com/hat-nem/bot-ngot-ajinomoto-hat-lon-goi-454g,2026-06-18
msg-ajinomoto-454,Bột ngọt Ajinomoto 454g,Ajinomoto,Gia vị,Gói 454g,https://cdnv2.tgdd.vn/bhx-static/bhx/Products/Images/2806/77081/bhx/bot-ngot-ajinomoto-hat-lon-goi-454g_202511031324186725.jpg,bhx,bhx-bt,36000,TRUE,https://www.bachhoaxanh.com/hat-nem/bot-ngot-ajinomoto-hat-lon-goi-454g,2026-06-18
msg-ajinomoto-454,Bột ngọt Ajinomoto 454g,Ajinomoto,Gia vị,Gói 454g,https://cdnv2.tgdd.vn/bhx-static/bhx/Products/Images/2806/77081/bhx/bot-ngot-ajinomoto-hat-lon-goi-454g_202511031324186725.jpg,coop,coop-q1,33000,TRUE,https://cooponline.vn/bot-ngot-ajinomoto-454g--s250100394,2026-06-18
msg-ajinomoto-454,Bột ngọt Ajinomoto 454g,Ajinomoto,Gia vị,Gói 454g,https://cdnv2.tgdd.vn/bhx-static/bhx/Products/Images/2806/77081/bhx/bot-ngot-ajinomoto-hat-lon-goi-454g_202511031324186725.jpg,coop,coop-bt,33000,TRUE,https://cooponline.vn/bot-ngot-ajinomoto-454g--s250100394,2026-06-18
knorr-thitthan-900,Hạt nêm Knorr thịt thăn 900g,Knorr,Gia vị,Gói 900g,https://cdnv2.tgdd.vn/bhx-static/bhx/Products/Images/2806/77241/bhx/77241-thumb-moi_202411051426590872.jpg,bhx,bhx-q1,72000,TRUE,https://www.bachhoaxanh.com/hat-nem/hat-nem-knorr-tt-xo-900g,2026-06-18
knorr-thitthan-900,Hạt nêm Knorr thịt thăn 900g,Knorr,Gia vị,Gói 900g,https://cdnv2.tgdd.vn/bhx-static/bhx/Products/Images/2806/77241/bhx/77241-thumb-moi_202411051426590872.jpg,bhx,bhx-q3,72000,TRUE,https://www.bachhoaxanh.com/hat-nem/hat-nem-knorr-tt-xo-900g,2026-06-18
knorr-thitthan-900,Hạt nêm Knorr thịt thăn 900g,Knorr,Gia vị,Gói 900g,https://cdnv2.tgdd.vn/bhx-static/bhx/Products/Images/2806/77241/bhx/77241-thumb-moi_202411051426590872.jpg,bhx,bhx-bt,72000,TRUE,https://www.bachhoaxanh.com/hat-nem/hat-nem-knorr-tt-xo-900g,2026-06-18
knorr-thitthan-900,Hạt nêm Knorr thịt thăn 900g,Knorr,Gia vị,Gói 900g,https://cdnv2.tgdd.vn/bhx-static/bhx/Products/Images/2806/77241/bhx/77241-thumb-moi_202411051426590872.jpg,coop,coop-q1,83900,TRUE,https://cooponline.vn/hat-nem-knorr-thit-than-xuong-ong-va-tuy-goi-900g--s250110347,2026-06-18
knorr-thitthan-900,Hạt nêm Knorr thịt thăn 900g,Knorr,Gia vị,Gói 900g,https://cdnv2.tgdd.vn/bhx-static/bhx/Products/Images/2806/77241/bhx/77241-thumb-moi_202411051426590872.jpg,coop,coop-bt,83900,TRUE,https://cooponline.vn/hat-nem-knorr-thit-than-xuong-ong-va-tuy-goi-900g--s250110347,2026-06-18
