product_id,gia_niem_yet,%_khuyen_mai
BHX0000001,54.000,19
BHX0000011,54.000,19
BHX0000186,114.000,0
BHX0000366,108.000,0
SPE0000208,3.047.000,0
SPE0000209,4.135.000,0
SPE0000335,203.000,37
SPE0000336,203.000,37
SPE0000337,203.000,37
SPE0000338,203.000,37
SPE0000340,270.000,32
SPE0000341,270.000,31
SPE0000342,270.000,31
SPE0000343,270.000,32
SPE0000344,270.000,31
SPE0000345,268.000,16
SPE0000346,268.000,16
SPE0000347,258.000,16
SPE0000348,258.000,16
SPE0000349,209.500,15
SPE0000350,209.500,15
GF00000081,35.000,0
GF00000082,49.000,0
GF00000083,49.000,0
GF00000084,49.000,0
GF00000085,35.000,0
GF00000086,59.000,0
GF00000087,69.000,0
GF00000088,49.000,0
GF00000089,35.000,0
GF00000090,49.000,0
GF00000091,55.000,0
GF00000092,59.000,0
GF00000093,69.000,0
GF00000094,42.000,0
GF00000095,64.000,0
GF00000096,42.000,0
GF00000097,69.000,0
GF00000098,59.000,0
GF00000099,49.000,0
GF00000100,39.000,0
GF00000101,54.000,0
GF00000102,64.000,0
GF00000103,54.000,0
GF00000104,54.000,0
GF00000105,54.000,0
GF00000106,64.000,0
GF00000107,54.000,0
GF00000108,64.000,0
GF00000109,64.000,0
GF00000110,50.000,0
GF00000111,55.000,0
GF00000112,52.000,0
GF00000113,45.000,0
GF00000114,49.000,0
GF00000115,55.000,0
GF00000116,69.000,0
GF00000117,55.000,0
GF00000118,65.000,0
GF00000119,45.000,0
GF00000120,45.000,0
40000275,100.980,5
40000276,100.980,5
40000277,100.980,5
40000278,100.980,5
40000283,37.800,5
40000284,37.800,5
40000285,37.800,5
40000286,37.800,5
40000279,114.048,5
40000280,114.048,5
40000281,32.400,5
40000282,32.400,5
40000232,127.440,7
40000233,127.440,7
40000234,127.440,7
40000235,199.800,7
40000236,199.800,7
40000237,199.800,7
40000238,191.160,7
40000239,191.160,7
40000240,191.160,7
40000241,204.120,7
40000242,204.120,7
40000243,204.120,7
40000263,194.400,7
40000264,194.400,7
40000265,259.200,7
40000266,259.200,7
40000267,194.400,7
40000268,194.400,7
40000269,259.200,7
40000270,259.200,7
50000018,225.000,5
50000019,225.000,5
50000020,225.000,5
50000021,225.000,5
50000022,225.000,5
50000023,225.000,5
50000024,225.000,5
50000025,225.000,5
50000026,225.000,5
TDAT000001,95.000,20
TDAT000002,95.000,20
TDAT000003,87.000,20
TDAT000004,87.000,20
TDAT000005,89.000,20
TDAT000006,79.000,20
TDAT000007,69.000,20
TDAT000008,79.000,20
TDAT000009,69.000,20
TDAT000010,79.000,20
TDAT000011,87.000,20
TDAT000012,75.000,20
TDAT000013,87.000,20
TDAT000014,87.000,20
TDAT000015,87.000,20
TDAT000016,87.000,20
TDAT000017,87.000,20
TDAT000018,79.000,20
TDAT000019,87.000,20
TDAT000020,76.000,20
TDAT000021,87.000,20
TDAT000022,79.000,20
TDAT000023,87.000,20
TDAT000024,76.000,20
TDAT000025,119.000,20
TDAT000026,,20
TDAT000027,79.000,20
TDAT000028,76.000,20
TDAT000029,,20
TDAT000030,79.000,20
TDAT000031,,20
TDAT000032,,20
TDAT000033,109.000,20
TDAT000034,109.000,20
TDAT000035,109.000,20
TDAT000036,95.000,20
TDAT000037,76.000,20
TDAT000038,95.000,20
TDAT000039,87.000,20
TDAT000040,95.000,20
TDAT000041,95.000,20
TDAT000042,95.000,20
TDAT000043,95.000,20
TDAT000044,95.000,20
TDAT000045,95.000,20
TDAT000046,95.000,20
TDAT000047,90.000,20
TDAT000048,90.000,20
TDAT000049,90.000,20
TDAT000050,85.000,20
TDAT000051,90.000,20
TDAT000052,80.000,20
TDAT000053,85.000,20
TDAT000054,75.000,20
TDAT000055,79.000,20
TDAT000056,89.000,20
TDAT000057,95.000,20
TDAT000058,109.000,20
TDAT000059,68.000,20
TDAT000060,79.000,20
TDAT000061,79.000,20
TDAT000062,79.000,20
TDAT000063,59.000,20
TDAT000064,59.000,20
TDAT000065,59.000,20
TDAT000066,68.000,20
TDAT000067,68.000,20
TDAT000068,68.000,20
TDAT000069,68.000,20
TDAT000070,95.000,20
TDAT000071,79.000,20
TDAT000072,87.000,20
TDAT000073,95.000,20
TDAT000074,95.000,20
TDAT000075,205.000,20
TDAT000076,,20
TDAT000077,,20
TDAT000078,,20
TDAT000079,,20
TDAT000080,,20
TDAT000081,,20
TDAT000082,,20
TDAT000083,,20
TDAT000084,,20
TDAT000085,,20
TDAT000086,197.000,20
TDAT000087,169.000,20
TDAT000088,69.000,20
TDAT000089,59.000,20
TDAT000090,69.000,20
TDAT000091,,20
TDAT000092,169.000,20
TDAT000093,,20
TDAT000094,59.000,20
TDAT000095,,20
TDAT000096,25.000,20
TDAT000097,25.000,20
TDAT000098,25.000,20
TDAT000099,19.000,20
TDAT000100,19.000,20
TDAT000101,15.000,20
TDAT000102,19.000,20
TDAT000103,19.000,20
TDAT000104,19.000,20
BHX0000002,16.300,0
BHX0000003,27.000,0
BHX0000004,46.200,0
BHX0000005,30.900,0
BHX0000006,50.000,19
BHX0000007,40.000,0
BHX0000008,33.500,0
BHX0000009,42.000,22
BHX0000010,71.600,0
BHX0000012,60.800,0
BHX0000013,46.000,18
BHX0000014,14.000,22
BHX0000015,27.500,6
BHX0000016,52.400,0
BHX0000017,39.500,20
BHX0000018,45.000,18
BHX0000019,60.000,0
BHX0000020,40.500,0
BHX0000021,60.750,0
BHX0000022,21.000,15
BHX0000023,41.400,20
BHX0000024,55.600,19
BHX0000025,69.500,18
BHX0000026,66.000,18
BHX0000027,87.600,0
BHX0000028,49.500,5
BHX0000029,66.000,0
BHX0000030,46.800,0
BHX0000031,35.500,0
BHX0000032,36.900,0
BHX0000033,27.500,0
BHX0000034,22.000,0
BHX0000035,21.000,0
BHX0000036,9.300,0
BHX0000037,35.000,0
BHX0000038,20.000,0
BHX0000039,25.500,0
BHX0000040,16.900,38
BHX0000041,16.900,38
BHX0000042,16.900,38
BHX0000043,16.900,65
BHX0000044,16.900,47
BHX0000045,16.900,65
BHX0000046,16.900,53
BHX0000047,16.900,47
BHX0000048,16.900,47
BHX0000049,16.900,47
BHX0000050,49.400,0
BHX0000051,12.500,0
BHX0000052,11.000,27
BHX0000053,65.000,9
BHX0000054,15.000,0
BHX0000055,16.800,0
BHX0000056,39.500,11
BHX0000057,10.400,0
BHX0000058,12.500,12
BHX0000059,38.000,0
BHX0000060,52.500,0
BHX0000061,31.500,0
BHX0000062,10.800,0
BHX0000063,11.500,0
BHX0000064,190.000,24
BHX0000065,26.500,0
BHX0000066,19.500,0
BHX0000067,37.000,0
BHX0000068,33.000,9
BHX0000069,13.500,0
BHX0000070,17.400,0
BHX0000071,34.000,0
BHX0000072,25.500,0
BHX0000073,29.500,0
BHX0000074,118.000,0
BHX0000075,288.000,0
BHX0000076,43.000,0
BHX0000077,170.000,0
BHX0000078,63.000,0
BHX0000079,30.000,7
BHX0000080,35.000,9
BHX0000081,34.500,0
BHX0000082,56.500,0
BHX0000083,226.000,36
BHX0000084,21.000,0
BHX0000085,30.000,0
BHX0000086,268.000,0
BHX0000087,148.000,47
BHX0000088,47.500,0
BHX0000089,63.000,22
BHX0000090,305.000,23
BHX0000091,123.000,0
BHX0000092,63.000,30
BHX0000093,24.500,0
BHX0000094,31.000,29
BHX0000095,69.000,49
BHX0000096,43.000,0
BHX0000097,132.000,8
BHX0000098,88.500,0
BHX0000099,96.000,0
BHX0000100,124.500,0
BHX0000101,139.000,0
BHX0000102,92.500,25
BHX0000103,88.000,22
BHX0000104,63.000,0
BHX0000105,77.000,0
BHX0000106,66.500,35
BHX0000107,49.000,20
BHX0000108,539.000,17
BHX0000109,190.000,24
BHX0000110,349.000,3
BHX0000111,539.000,17
BHX0000112,190.000,24
BHX0000113,396.500,13
BHX0000114,47.500,0
BHX0000115,394.000,12
BHX0000116,45.000,0
BHX0000117,308.000,15
BHX0000118,308.000,15
BHX0000119,154.500,3
BHX0000120,50.500,0
BHX0000121,36.000,0
BHX0000122,111.000,0
BHX0000123,105.000,0
BHX0000124,139.000,0
BHX0000125,110.000,0
BHX0000126,72.000,32
BHX0000127,13.500,11
BHX0000128,19.500,0
BHX0000129,15.300,0
BHX0000130,33.500,0
BHX0000131,20.000,0
BHX0000132,10.000,10
BHX0000133,26.500,6
BHX0000134,15.000,7
BHX0000135,52.000,0
BHX0000136,59.000,0
BHX0000137,69.500,0
BHX0000138,69.000,0
BHX0000139,32.000,0
BHX0000140,40.500,0
BHX0000141,53.000,0
BHX0000142,31.500,0
BHX0000143,8.400,0
BHX0000144,38.000,0
BHX0000145,9.400,0
BHX0000146,39.000,0
BHX0000147,38.000,0
BHX0000148,38.000,0
BHX0000149,28.500,0
BHX0000150,32.000,0
BHX0000151,13.000,0
BHX0000152,24.000,0
BHX0000153,52.500,0
BHX0000154,252.000,21
BHX0000155,252.000,21
BHX0000156,252.000,21
BHX0000157,155.000,23
BHX0000158,268.000,15
BHX0000159,268.000,15
BHX0000160,43.000,0
BHX0000161,43.000,0
BHX0000162,205.000,0
BHX0000163,205.000,0
BHX0000164,71.000,0
BHX0000165,60.000,0
BHX0000166,106.000,0
BHX0000167,73.500,0
BHX0000168,213.000,0
BHX0000169,202.000,25
BHX0000170,246.000,0
BHX0000171,78.000,0
BHX0000172,24.500,0
BHX0000173,24.500,0
BHX0000174,85.000,0
BHX0000175,85.000,0
BHX0000176,134.000,0
BHX0000177,83.000,0
BHX0000178,205.000,25
BHX0000179,205.000,25
BHX0000180,205.000,0
BHX0000181,249.000,0
BHX0000182,59.000,0
BHX0000183,123.000,0
BHX0000184,105.000,19
BHX0000185,97.000,24
BHX0000187,108.000,0
BHX0000188,184.000,13
BHX0000189,90.000,0
BHX0000190,154.000,0
BHX0000191,199.000,15
BHX0000192,353.000,8
BHX0000193,184.000,13
BHX0000194,118.000,36
BHX0000195,118.000,36
BHX0000196,110.000,32
BHX0000197,108.000,12
BHX0000198,120.000,29
BHX0000199,330.000,34
BHX0000200,354.000,38
BHX0000201,354.000,38
BHX0000202,346.000,37
BHX0000203,28.000,25
BHX0000204,18.000,0
BHX0000205,85.000,0
BHX0000206,115.000,0
BHX0000207,202.000,20
BHX0000208,214.000,12
BHX0000209,214.000,12
BHX0000210,226.000,32
BHX0000211,242.000,0
BHX0000212,268.000,0
BHX0000213,361.000,0
BHX0000214,249.000,26
BHX0000215,249.000,26
BHX0000216,249.000,26
BHX0000217,200.000,25
BHX0000218,21.000,0
BHX0000219,21.000,0
BHX0000220,21.000,0
BHX0000221,21.000,0
BHX0000222,89.000,0
BHX0000223,89.000,0
BHX0000224,238.000,23
BHX0000225,21.000,0
BHX0000226,250.000,27
BHX0000227,21.000,0
BHX0000228,69.000,0
BHX0000229,238.000,23
BHX0000230,21.000,0
BHX0000231,976.000,27
BHX0000232,21.000,0
BHX0000233,21.000,0
BHX0000234,115.000,15
BHX0000235,211.000,12
BHX0000236,145.000,0
BHX0000237,80.000,0
BHX0000238,145.000,0
BHX0000239,115.000,15
BHX0000240,115.000,15
BHX0000241,167.000,11
BHX0000242,167.000,11
BHX0000243,12.000,0
BHX0000244,37.000,0
BHX0000245,75.000,27
BHX0000246,36.000,0
BHX0000247,37.000,0
BHX0000248,37.000,8
BHX0000249,27.500,9
BHX0000250,35.000,9
BHX0000251,54.000,19
BHX0000252,80.000,16
BHX0000253,28.000,0
BHX0000254,30.000,0
BHX0000255,37.000,0
BHX0000256,40.000,0
BHX0000257,21.500,0
BHX0000258,21.500,0
BHX0000259,119.000,0
BHX0000260,51.000,0
BHX0000261,53.000,0
BHX0000262,32.500,0
BHX0000263,21.000,0
BHX0000264,18.500,0
BHX0000265,55.000,0
BHX0000266,61.000,0
BHX0000267,36.000,0
BHX0000268,36.000,0
BHX0000269,8.600,0
BHX0000270,8.600,0
BHX0000271,18.000,0
BHX0000272,36.000,0
BHX0000273,23.000,0
BHX0000274,18.300,0
BHX0000275,18.300,0
BHX0000276,24.500,0
BHX0000277,30.000,0
BHX0000278,24.500,0
BHX0000279,26.000,0
BHX0000280,32.000,0
BHX0000281,74.500,0
BHX0000282,30.900,0
BHX0000283,62.400,0
BHX0000284,57.600,0
BHX0000285,45.900,0
BHX0000286,85.900,0
BHX0000287,61.900,0
BHX0000288,72.900,0
BHX0000289,39.960,0
BHX0000290,39.618,0
BHX0000291,49.500,0
BHX0000292,50.490,0
BHX0000293,102.000,0
BHX0000294,28.000,0
BHX0000295,130.000,0
BHX0000296,45.000,0
BHX0000297,45.000,0
BHX0000298,65.000,0
BHX0000299,53.500,0
BHX0000300,57.000,0
BHX0000301,53.000,0
BHX0000302,38.500,0
BHX0000303,48.600,0
BHX0000304,49.000,0
BHX0000305,65.000,0
BHX0000306,29.000,0
BHX0000307,66.000,0
BHX0000308,46.000,0
BHX0000309,29.000,0
BHX0000310,26.000,0
BHX0000311,26.000,0
BHX0000312,26.000,0
BHX0000313,36.000,0
BHX0000314,52.000,0
BHX0000315,7.500,0
BHX0000316,69.000,0
BHX0000317,21.000,0
BHX0000318,29.000,0
BHX0000319,39.000,0
BHX0000320,49.000,0
BHX0000321,89.900,0
BHX0000322,58.500,0
BHX0000323,39.000,0
BHX0000324,9.000,0
BHX0000325,10.500,0
BHX0000326,29.000,0
BHX0000327,28.000,0
BHX0000328,28.000,0
BHX0000329,24.000,0
BHX0000330,24.000,0
BHX0000331,24.000,0
BHX0000332,24.000,0
BHX0000333,24.000,0
BHX0000334,24.000,0
BHX0000335,24.000,0
BHX0000336,180.000,0
BHX0000337,180.000,0
BHX0000338,169.000,0
BHX0000339,260.000,0
BHX0000340,169.000,0
BHX0000341,169.000,0
BHX0000342,187.000,0
BHX0000343,198.000,22
BHX0000344,240.000,30
BHX0000345,198.000,40
BHX0000346,198.000,0
BHX0000347,183.000,15
BHX0000348,58.000,0
BHX0000349,130.000,0
BHX0000350,196.000,20
BHX0000351,196.000,0
BHX0000352,64.500,0
BHX0000353,100.000,0
BHX0000354,210.000,0
BHX0000355,72.000,10
BHX0000356,39.000,0
BHX0000357,15.000,20
BHX0000358,14.900,20
BHX0000359,35.000,20
BHX0000360,27.000,22
BHX0000361,26.000,20
BHX0000362,38.000,24
BHX0000363,20.000,25
BHX0000364,27.000,30
BHX0000365,33.000,36
BHX0000367,80.000,0
BHX0000368,54.500,0
BHX0000369,147.000,0
BHX0000370,58.500,15
BHX0000371,28.000,0
BHX0000372,189.000,0
BHX0000373,208.000,0
BHX0000374,122.000,0
BHX0000375,122.000,0
BHX0000376,122.000,0
BHX0000377,208.000,0
BHX0000378,122.000,0
BHX0000379,122.000,0
BHX0000380,122.000,0
CCG0000001,755.000,20
CCG0000002,658.000,15
CCG0000003,1.030.000,15
CCG0000004,1.078.000,14
CCG0000005,1.170.000,12
CCG0000006,585.000,12
CCG0000007,1.338.000,11
CCG0000008,485.000,11
CCG0000009,435.000,11
CCG0000010,679.000,11
CCG0000011,459.000,11
CCG0000012,795.000,11
CCG0000013,780.000,10
CCG0000014,1.030.000,10
CCG0000015,515.000,10
CCG0000016,539.000,9
CCG0000017,585.000,8
CCG0000018,499.000,8
CCG0000019,325.000,8
CCG0000020,329.000,8
CCG0000021,669.000,7
CCG0000022,855.000,6
CCG0000023,915.000,5
CCG0000024,919.000,5
CCG0000025,679.000,4
CCG0000026,615.000,0
CCG0000027,659.000,0
CCG0000028,555.000,0
CCG0000029,605.000,0
CCG0000030,625.000,0
CCG0000031,859.000,0
CCG0000032,705.000,0
CCG0000033,1.045.000,0
CCG0000034,455.000,0
CCG0000035,478.000,50
CCG0000036,379.000,30
CCG0000037,130.000,0
CCG0000038,153.000,13
CCG0000039,205.000,10
CCG0000040,570.000,0
CCG0000041,239.000,0
CCG0000042,111.000,0
CCG0000043,515.000,0
CCG0000044,43.000,0
CCG0000045,420.000,10
CCG0000046,480.000,8
CCG0000047,188.300,0
CCG0000048,845.000,0
CCG0000049,685.000,0
CCG0000050,729.000,0
CCG0000051,815.000,0
CCG0000052,645.000,0
CCG0000053,55.000,0
CCG0000054,319.000,0
CCG0000055,77.000,0
CCG0000056,365.000,0
CCG0000057,279.000,0
CCG0000058,695.000,0
CCG0000059,61.000,0
CCG0000060,68.000,0
CCG0000061,81.000,0
CCG0000062,555.000,0
CCG0000063,369.000,0
CCG0000064,525.000,0
CCG0000065,479.000,0
CCG0000066,235.000,0
CCG0000067,28.000,0
CCG0000068,44.000,0
CCG0000069,455.000,0
CCG0000070,310.000,0
CCG0000071,455.000,0
CCG0000072,360.000,0
CCG0000073,315.000,0
CCG0000074,209.000,0
CCG0000075,391.000,0
CCG0000076,391.000,0
CCG0000077,391.000,0
CCG0000078,199.000,0
CCG0000079,235.000,0
CCG0000080,595.000,0
CCG0000081,285.000,0
CCG0000082,699.000,0
CCG0000083,785.000,0
CCG0000084,655.000,0
CCG0000085,805.000,0
CCG0000086,795.000,0
CCG0000087,865.000,0
CCG0000088,715.000,0
CCG0000089,649.000,0
CCG0000090,375.000,0
CCG0000091,399.000,0
CCG0000092,515.000,0
CCG0000093,255.000,0
CCG0000094,495.000,0
CCG0000095,445.000,32
CCG0000096,445.000,32
CCG0000097,445.000,32
CCG0000098,445.000,32
CCG0000099,445.000,32
CCG0000100,153.000,16
CCG0000101,307.000,10
CCG0000102,307.000,10
CCG0000103,290.000,8
CCG0000104,290.000,8
CCG0000105,307.000,10
CCG0000106,290.000,8
CCG0000107,290.000,8
CCG0000108,185.000,10
CCG0000109,145.000,10
CCG0000110,299.000,10
CCG0000111,195.000,0
CCG0000112,355.000,0
CCG0000113,299.000,10
CCG0000114,355.000,6
CCG0000115,355.000,6
CCG0000116,455.000,0
CCG0000117,355.000,6
CCG0000118,159.000,0
CCG0000119,159.000,0
CCG0000120,159.000,0
CCG0000121,59.000,0
CCG0000122,69.000,0
CCG0000123,290.000,14
CCG0000124,235.000,0
CCG0000125,240.000,0
CCG0000126,87.000,0
CCG0000127,94.000,0
CCG0000128,116.000,12
CCG0000129,116.000,12
CCG0000130,289.000,7
CCG0000131,110.000,0
CCG0000132,114.000,0
CCG0000133,295.000,8
CCG0000134,279.000,7
CCG0000135,244.000,0
CCG0000136,155.000,0
CCG0000137,269.000,0
CCG0000138,186.000,25
CCG0000139,90.000,0
CCG0000140,198.000,0
CCG0000141,98.000,0
CCG0000142,242.000,18
CCG0000143,163.000,0
CCG0000144,729.000,0
CCG0000145,815.000,0
CCG0000146,815.000,0
CCG0000147,399.000,0
CCG0000148,61.000,0
CCG0000149,829.000,0
CCG0000150,365.000,0
CCG0000151,660.000,8
CCG0000152,1.250.000,0
CCG0000153,1.095.000,0
CCG0000154,660.000,8
CCG0000155,249.000,0
CCG0000156,625.000,0
CCG0000157,515.000,0
CCG0000158,255.000,0
CCG0000159,495.000,0
CCG0000160,495.000,0
CCG0000161,1.980.000,0
CCG0000162,307.000,7
CCG0000163,1.055.000,0
CCG0000164,565.000,0
CCG0000165,1.285.000,0
CCG0000166,1.015.000,0
CCG0000167,905.000,0
CCG0000168,615.000,0
CCG0000169,155.000,0
CCG0000170,215.000,0
CCG0000171,60.000,0
CCG0000172,205.000,7
CCG0000173,155.000,0
CCG0000174,92.000,0
CCG0000175,915.000,0
CCG0000176,355.000,6
CCG0000177,355.000,0
CCG0000178,355.000,6
CCG0000179,499.000,0
CCG0000180,485.000,0
CCG0000181,429.000,0
CCG0000182,585.000,0
CCG0000183,465.000,0
CCG0000184,675.000,0
CCG0000185,605.000,0
CCG0000186,219.000,0
CCG0000187,515.000,0
CCG0000188,379.000,29
CCG0000189,379.000,29
CCG0000190,445.000,32
CCG0000191,379.000,29
CCG0000192,445.000,32
CCG0000193,445.000,32
CCG0000194,379.000,29
CCG0000195,379.000,29
CCG0000196,379.000,29
CCG0000197,135.000,0
CCG0000198,229.000,0
CCG0000199,405.000,0
CCG0000200,399.000,0
CCG0000201,150.000,15
CCG0000202,389.000,0
CCG0000203,250.000,15
CCG0000204,487.000,8
CCG0000205,175.000,0
CCG0000206,330.000,0
CCG0000207,295.000,0
CCG0000208,175.000,0
CCG0000209,162.000,0
SPE0000001,18.990.000,35
SPE0000002,11.990.000,10
SPE0000003,3.990.000,25
SPE0000004,9.389.600,0
SPE0000005,4.390.000,21
SPE0000006,12.650.000,38
SPE0000007,9.990.000,0
SPE0000008,15.590.000,32
SPE0000009,15.650.000,40
SPE0000010,9.500.000,45
SPE0000011,18.390.000,18
SPE0000012,38.800.000,26
SPE0000013,19.990.000,25
SPE0000014,71.590.000,36
SPE0000015,37.990.000,0
SPE0000016,24.999.000,0
SPE0000017,13.990.000,0
SPE0000018,6.790.000,0
SPE0000019,34.500.000,19
SPE0000020,12.390.000,0
SPE0000021,4.390.000,25
SPE0000022,799.000,0
SPE0000023,1.990.000,35
SPE0000024,4.390.000,25
SPE0000025,7.560.000,21
SPE0000026,35.990.000,17
SPE0000027,14.890.000,0
SPE0000028,18.190.000,0
SPE0000029,22.990.000,9
SPE0000030,18.990.000,5
SPE0000031,1.738.000,44
SPE0000032,938.000,44
SPE0000033,166.320,0
SPE0000034,825.000,44
SPE0000035,2.580.000,43
SPE0000036,1.111.000,30
SPE0000037,245.000,25
SPE0000038,1.767.000,44
SPE0000039,532.000,0
SPE0000040,1.045.000,0
SPE0000041,2.412.000,0
SPE0000042,680.000,0
SPE0000043,150.000,0
SPE0000044,1.250.000,0
SPE0000045,2.000.000,0
SPE0000046,1.700.000,0
SPE0000047,4.000.000,0
SPE0000048,3.816.000,0
SPE0000049,31.328.000,0
SPE0000050,38.073.000,0
SPE0000051,4.767.000,0
SPE0000052,91.340.000,1
SPE0000053,59.970.000,0
SPE0000054,41.000.000,0
SPE0000055,43.256.000,0
SPE0000056,250.000,34
SPE0000057,199.000,30
SPE0000058,199.000,0
SPE0000059,450.000,0
SPE0000060,200.000,0
SPE0000061,249.000,0
SPE0000062,33.000,0
SPE0000063,304.000,0
SPE0000064,210.000,7
SPE0000065,40.000,0
SPE0000066,299.000,0
SPE0000067,63.000,0
SPE0000068,150.000,0
SPE0000069,200.000,0
SPE0000070,70.000,0
SPE0000071,120.000,0
SPE0000072,35.000,0
SPE0000073,198.000,0
SPE0000074,198.000,0
SPE0000075,479.000,0
SPE0000076,250.000,0
SPE0000077,299.000,0
SPE0000078,149.000,0
SPE0000079,150.000,0
SPE0000080,70.000,0
SPE0000081,195.000,0
SPE0000082,250.000,0
SPE0000083,190.000,0
SPE0000084,468.000,0
SPE0000085,390.000,0
SPE0000086,187.000,0
SPE0000087,375.000,0
SPE0000088,170.000,0
SPE0000089,56.000,0
SPE0000090,110.000,0
SPE0000091,798.000,0
SPE0000092,159.000,0
SPE0000093,66.000,0
SPE0000094,33.000,0
SPE0000095,255.000,0
SPE0000096,229.000,0
SPE0000097,49.000,0
SPE0000098,165.000,0
SPE0000099,550.000,0
SPE0000100,59.000,0
SPE0000101,144.000,7
SPE0000102,90.000,16
SPE0000103,61.600,4
SPE0000104,75.000,13
SPE0000105,8.250.000,0
SPE0000106,4.150.000,35
SPE0000107,399.000,38
SPE0000108,126.000,26
SPE0000109,229.000,13
SPE0000110,299.000,20
SPE0000111,550.000,26
SPE0000112,27.515.000,0
SPE0000113,299.000,31
SPE0000114,155.000,0
SPE0000115,16.000.000,3
SPE0000116,1.400.000,42
SPE0000117,358.000,0
SPE0000118,30.000,18
SPE0000119,83.855,12
SPE0000120,88.000,14
SPE0000121,327.719,1
SPE0000122,187.000,0
SPE0000123,377.000,0
SPE0000124,5.100.000,89
SPE0000125,570.000,25
SPE0000126,199.000,26
SPE0000127,169.000,0
SPE0000128,150.000,41
SPE0000129,176.000,0
SPE0000130,700.000,27
SPE0000131,135.000,9
SPE0000132,112.000,50
SPE0000133,4.350.000,0
SPE0000134,465.000,0
SPE0000135,89.000,38
SPE0000136,439.000,0
SPE0000137,850.000,19
SPE0000138,920.000,0
SPE0000139,380.000,39
SPE0000140,4.879.100,0
SPE0000141,675.000,0
SPE0000142,199.000,0
SPE0000143,259.000,50
SPE0000144,72.653,0
SPE0000145,929.000,0
SPE0000146,258.000,23
SPE0000147,239.000,27
SPE0000148,185.006,0
SPE0000149,129.001,0
SPE0000150,769.000,0
SPE0000151,399.000,46
SPE0000152,300.000,0
SPE0000153,420.000,10
SPE0000154,155.000,25
SPE0000155,110.000,15
SPE0000156,200.000,21
SPE0000157,150.000,19
SPE0000158,180.000,12
SPE0000159,300.000,47
SPE0000160,150.999,0
SPE0000161,75.000,43
SPE0000162,130.000,27
SPE0000163,152.370,0
SPE0000164,186.000,50
SPE0000165,140.000,0
SPE0000166,112.120,0
SPE0000167,46.000,7
SPE0000168,89.000,34
SPE0000169,47.000,0
SPE0000170,40.078,0
SPE0000171,122.900,0
SPE0000172,50.000,26
SPE0000173,78.000,29
SPE0000174,90.000,8
SPE0000175,300.000,20
SPE0000176,46.800,10
SPE0000177,129.000,29
SPE0000178,155.000,0
SPE0000179,99.000,0
SPE0000180,255.000,37
SPE0000181,30.000,0
SPE0000182,149.000,36
SPE0000183,459.000,35
SPE0000184,1.390.000,50
SPE0000185,832.000,45
SPE0000186,84.000,5
SPE0000187,86.000,6
SPE0000188,170.000,36
SPE0000189,278.350,0
SPE0000190,158.000,21
SPE0000191,169.100,0
SPE0000192,190.000,32
SPE0000193,111.000,32
SPE0000194,64.000,9
SPE0000195,82.000,5
SPE0000196,72.000,0
SPE0000197,40.000,0
SPE0000198,71.000,0
SPE0000199,179.000,0
SPE0000200,47.000,0
SPE0000201,82.000,0
SPE0000202,95.000,0
SPE0000203,52.000,0
SPE0000204,156.400,0
SPE0000205,185.000,0
SPE0000206,1.760.000,5
SPE0000207,1.285.000,0
SPE0000210,1.938.000,0
SPE0000211,275.000,0
SPE0000212,385.000,0
SPE0000213,529.000,0
SPE0000214,350.360,0
SPE0000215,430.000,0
SPE0000216,781.000,0
SPE0000217,601.100,11
SPE0000218,857.000,0
SPE0000219,550.000,0
SPE0000220,360.000,0
SPE0000221,2.075.000,0
SPE0000222,1.450.000,0
SPE0000223,1.450.000,0
SPE0000224,1.350.000,0
SPE0000225,320.000,25
SPE0000226,270.331,0
SPE0000227,129.999,0
SPE0000228,199.000,0
SPE0000229,145.000,0
SPE0000230,350.000,49
SPE0000231,249.000,12
SPE0000232,300.000,42
SPE0000233,269.000,3
SPE0000234,230.000,20
SPE0000235,190.000,0
SPE0000236,99.000,32
SPE0000237,398.000,47
SPE0000238,126.000,0
SPE0000239,64.584,6
SPE0000240,90.059,34
SPE0000241,75.000,3
SPE0000242,265.000,0
SPE0000243,189.000,11
SPE0000244,6.990.000,0
SPE0000245,5.190.000,16
SPE0000246,5.990.000,20
SPE0000247,4.408.000,7
SPE0000248,4.650.000,0
SPE0000249,9.000.000,11
SPE0000250,248.000,48
SPE0000251,192.000,34
SPE0000252,587.000,0
SPE0000253,199.000,25
SPE0000254,190.000,11
SPE0000255,100.000,34
SPE0000256,125.000,48
SPE0000257,140.000,29
SPE0000258,155.000,39
SPE0000259,177.000,17
SPE0000260,282.000,33
SPE0000261,299.000,0
SPE0000262,300.000,33
SPE0000263,169.000,24
SPE0000264,65.000,31
SPE0000265,356.292,0
SPE0000266,350.000,50
SPE0000267,89.000,38
SPE0000268,648.000,27
SPE0000269,198.000,32
SPE0000270,500.000,32
SPE0000271,179.000,0
SPE0000272,150.000,39
SPE0000273,179.000,23
SPE0000274,550.000,35
SPE0000275,116.000,12
SPE0000276,50.000,22
SPE0000277,85.000,37
SPE0000278,99.999,0
SPE0000279,128.950,0
SPE0000280,93.000,40
SPE0000281,350.000,39
SPE0000282,69.000,12
SPE0000283,45.000,5
SPE0000284,159.000,41
SPE0000285,206.000,16
SPE0000286,299.000,22
SPE0000287,126.000,1
SPE0000288,320.000,55
SPE0000289,89.000,38
SPE0000290,90.000,34
SPE0000291,4.999,2
SPE0000292,280.000,62
SPE0000293,90.000,1
SPE0000294,180.000,41
SPE0000295,50.000,20
SPE0000296,155.000,6
SPE0000297,550.000,5
SPE0000298,190.000,5
SPE0000299,350.000,21
SPE0000300,220.000,20
SPE0000301,211.000,15
SPE0000302,299.000,34
SPE0000303,250.000,26
SPE0000304,130.000,47
SPE0000305,159.000,21
SPE0000306,140.000,22
SPE0000307,45.000,22
SPE0000308,276.000,11
SPE0000309,219.000,41
SPE0000310,199.000,25
SPE0000311,37.000,3
SPE0000312,56.000,29
SPE0000313,120.000,42
SPE0000314,100.000,15
SPE0000315,230.000,11
SPE0000316,465.000,26
SPE0000317,50.000,44
SPE0000318,70.000,36
SPE0000319,15.000,27
SPE0000320,18.900,32
SPE0000321,16.000,38
SPE0000322,55.000,44
SPE0000323,58.000,33
SPE0000324,20.000,23
SPE0000325,14.900,0
SPE0000326,50.600,13
SPE0000327,30.000,27
SPE0000328,14.900,0
SPE0000329,24.000,17
SPE0000330,20.000,25
SPE0000331,42.000,44
SPE0000332,20.000,11
SPE0000333,59.000,8
SPE0000334,32.800,21
SPE0000339,166.000,27
SPE0000351,265.000,36
SPE0000352,160.000,12
SPE0000353,322.000,0
SPE0000354,640.000,8
SPE0000355,699.000,7
SPE0000356,1.289.000,12
SPE0000357,1.089.000,2
SPE0000358,816.000,11
SPE0000359,841.500,0
SPE0000360,735.000,0
SPE0000361,1.007.000,0
SPE0000362,327.240,0
SPE0000363,1.099.000,0
SPE0000364,819.500,0
SPE0000365,1.060.000,0
SPE0000366,1.278.000,32
SPE0000367,860.000,36
SPE0000368,400.000,33
SPE0000369,575.000,1
SPE0000370,430.000,13
SPE0000371,430.000,13
SPE0000372,400.000,33
SPE0000373,438.800,0
SPE0000374,774.000,15
SPE0000375,960.000,15
SPE0000376,277.000,0
SPE0000377,700.000,0
SPE0000378,270.000,0
SPE0000379,308.000,0
SPE0000380,269.000,0
SPE0000381,140.000,19
SPE0000382,114.000,27
SPE0000383,339.000,44
SPE0000384,195.000,43
SPE0000385,285.000,47
SPE0000386,284.050,0
SPE0000387,150.000,6
SPE0000388,195.000,29
SPE0000389,229.000,23
SPE0000390,359.000,49
SPE0000391,200.000,20
SPE0000392,156.760,0
SPE0000393,149.000,0
SPE0000394,229.000,41
SPE0000395,450.000,49
SPE0000396,249.000,40
SPE0000397,112.880,0
SPE0000398,93.500,0
SPE0000399,216.000,30
SPE0000400,298.000,50
SPE0000401,350.000,0
SPE0000402,350.000,1
SPE0000403,343.000,0
SPE0000404,259.000,36
SPE0000405,318.000,50
SPE0000406,400.000,30
SPE0000407,310.000,0
SPE0000408,274.400,0
SPE0000409,350.000,29
SPE0000410,320.000,41
SPE0000411,550.000,20
SPE0000412,259.000,29
SPE0000413,162.546,0
SPE0000414,158.337,0
SPE0000415,699.000,43
SPE0000416,272.048,0
SPE0000417,350.000,21
SPE0000418,650.000,46
SPE0000419,299.000,25
SPE0000420,75.000,0
SPE0000421,220.000,14
SPE0000422,410.000,17
SPE0000423,145.000,21
SPE0000424,275.000,11
SPE0000425,972.000,0
SPE0000426,3.990.000,9
SPE0000427,2.790.000,0
SPE0000428,5.959.000,9
SPE0000429,3.587.000,0
SPE0000430,1.500.000,0
SPE0000431,4.250.000,30
SPE0000432,2.290.000,35
SPE0000433,8.490.000,14
SPE0000435,1.990.000,6
SPE0000436,8.990.000,7
SPE0000437,8.047.000,0
SPE0000438,17.987.000,0
SPE0000439,16.247.000,0
SPE0000440,1.066.000,0
SPE0000441,3.197.000,0
SPE0000442,8.290.000,5
SPE0000443,3.090.000,6
SPE0000444,11.990.000,8
SPE0000445,17.990.000,0
SPE0000446,8.990.000,19
SPE0000447,12.690.000,20
SPE0000448,31.990.000,7
SPE0000449,3.190.000,33
SPE0000450,4.220.000,7
SPE0000451,8.130.000,0
SPE0000452,11.900.000,22.69
SPE0000453,18.890.000,25
SPE0000454,2.900.000,19
SPE0000455,1.156.000,0
SPE0000456,1.061.150,0
SPE0000457,1.395.000,0
SPE0000458,1.436.400,0
SPE0000459,1.436.400,0
SPE0000460,1.567.000,0
SPE0000461,1.589.000,0
SPE0000462,2.307.000,0
SPE0000463,1.444.000,0
SPE0000464,2.602.000,0
SPE0000465,2.774.000,0
SPE0000466,2.114.000,43
SPE0000467,1.174.200,0
SPE0000468,1.259.000,12
SPE0000469,3.290.000,34
SPE0000470,2.000.000,44
SPE0000471,3.290.000,34
SPE0000472,5.290.000,0
SPE0000473,8.290.000,0
SPE0000474,8.100.000,0
SPE0000475,2.040.000,29
SPE0000476,1.415.500,0
SPE0000477,2.038.000,37
SPE0000478,2.672.000,22
SPE0000479,2.390.000,38
SPE0000480,2.040.000,29
SPE0000481,9.400.000,36
SPE0000482,2.390.000,38
SPE0000483,1.415.500,0
SPE0000484,9.400.000,36
SPE0000485,1.590.000,19
SPE0000486,1.299.000,22
SPE0000487,1.690.000,26
SPE0000488,1.400.000,0
SPE0000489,1.200.000,0
SPE0000490,1.490.000,0
SPE0000491,3.890.000,6
SPE0000492,9.490.000,20
SPE0000493,2.621.000,0
SPE0000494,1.069.000,0
SPE0000495,22.590.000,5
SPE0000496,19.290.000,0
SPE0000497,119.990.000,18
SPE0000498,22.990.000,24
SPE0000499,67.660.000,42
SPE0000500,1.129.000,0
SPE0000501,1.200.000,0
SPE0000502,1.500.000,24
SPE0000503,3.950.000,46
SPE0000504,3.000.000,2
SPE0000505,8.290.000,0
SPE0000506,10.990.000,38
SPE0000507,45.390.000,0
SPE0000508,11.590.000,0
SPE0000509,9.129.000,0
SPE0000510,8.500.000,34
SPE0000511,7.999.999,38
SPE0000512,9.800.000,24
SPE0000513,4.860.000,0
SPE0000514,8.800.000,37
SPE0000515,72.951.000,0
SPE0000516,37.210.000,0
SPE0000517,21.972.000,0
SPE0000518,102.500.000,0
SPE0000519,54.000.000,0
SPE0000520,47.300.000,0
SPE0000521,8.490.000,0
SPE0000522,8.290.000,1
SPE0000523,6.440.000,0
SPE0000524,3.600.000,0
SPE0000525,2.750.000,0
SPE0000526,2.440.000,0
SPE0000527,2.927.000,0
SPE0000528,1.782.100,0
SPE0000529,1.163.000,0
SPE0000530,750.000,0
GF00000001,59.000,0
GF00000002,39.000,0
GF00000003,49.000,0
GF00000004,69.000,0
GF00000005,65.000,0
GF00000006,69.000,0
GF00000007,79.000,0
GF00000008,79.000,0
GF00000009,79.000,0
GF00000010,89.000,0
GF00000011,99.000,0
GF00000012,119.000,0
GF00000013,119.000,0
GF00000014,59.000,0
GF00000015,79.000,0
GF00000016,69.000,0
GF00000017,69.000,0
GF00000018,69.000,0
GF00000019,89.000,0
GF00000020,69.000,0
GF00000021,79.000,0
GF00000022,109.000,0
GF00000023,59.000,0
GF00000024,42.000,0
GF00000025,42.000,0
GF00000026,42.000,0
GF00000027,69.000,0
GF00000028,32.000,0
GF00000029,32.000,0
GF00000030,42.000,0
GF00000031,32.000,0
GF00000032,42.000,0
GF00000033,42.000,0
GF00000034,42.000,0
GF00000035,32.000,0
GF00000036,42.000,0
GF00000037,79.000,0
GF00000038,42.000,0
GF00000039,42.000,0
GF00000040,48.000,0
GF00000041,42.000,0
GF00000042,55.000,0
GF00000043,50.000,0
GF00000044,101.000,0
GF00000045,104.000,0
GF00000046,70.000,0
GF00000047,59.000,0
GF00000048,112.000,0
GF00000049,49.000,0
GF00000050,95.000,0
GF00000051,79.000,0
GF00000052,116.000,0
GF00000053,95.000,0
GF00000054,52.000,0
GF00000055,40.000,0
GF00000056,69.000,0
GF00000057,77.000,0
GF00000058,90.000,0
GF00000059,59.000,0
GF00000060,49.000,0
GF00000061,239.000,0
GF00000062,77.000,0
GF00000063,50.000,0
GF00000064,87.000,0
GF00000065,319.000,0
GF00000066,158.000,0
GF00000067,72.000,0
GF00000068,37.000,0
GF00000069,35.000,0
GF00000070,64.000,0
GF00000071,40.000,0
GF00000072,41.000,0
GF00000073,66.000,0
GF00000074,205.000,0
GF00000075,54.000,0
GF00000076,45.000,0
GF00000077,29.000,0
GF00000078,54.000,0
GF00000079,49.000,0
GF00000080,45.000,0
PNJ0000001,5.180.000,0
PNJ0000002,595.000,0
PNJ0000003,21.112.000,0
PNJ0000004,9.110.000,0
PNJ0000005,1.395.000,0
PNJ0000006,5.473.000,0
PNJ0000007,5.506.000,0
PNJ0000008,455.000,0
PNJ0000009,23.185.000,0
PNJ0000010,58.260.000,0
PNJ0000011,10.961.000,0
PNJ0000012,595.000,0
PNJ0000013,4.067.000,0
PNJ0000014,34.041.000,0
PNJ0000015,6.760.000,0
PNJ0000016,1.655.000,0
PNJ0000017,5.297.000,0
PNJ0000018,37.192.000,0
PNJ0000019,13.968.000,0
PNJ0000020,27.620.000,0
PNJ0000021,755.000,0
PNJ0000022,9.490.000,0
PNJ0000023,3.250.000,0
PNJ0000024,7.388.000,0
PNJ0000025,23.259.000,0
PNJ0000026,2.655.000,0
PNJ0000027,14.212.000,0
PNJ0000028,28.998.000,0
PNJ0000029,73.333.000,0
PNJ0000030,38.842.000,0
PNJ0000031,755.000,0
PNJ0000032,4.825.000,0
PNJ0000033,14.142.000,0
PNJ0000034,9.729.000,0
PNJ0000035,1.415.000,0
PNJ0000036,55.442.000,0
PNJ0000037,78.620.000,0
PNJ0000038,107.737.000,0
PNJ0000039,434.284.000,0
PNJ0000040,52.846.000,0
PNJ0000041,645.000,0
PNJ0000042,7.674.000,0
PNJ0000043,23.060.000,0
PNJ0000044,71.610.000,0
PNJ0000045,128.697.000,0
PNJ0000046,515.000,0
PNJ0000047,9.990.000,0
PNJ0000048,43.334.000,0
PNJ0000049,72.766.000,0
PNJ0000050,127.314.000,0
PNJ0000051,295.000,0
PNJ0000052,1.759.000,0
PNJ0000053,5.085.000,0
PNJ0000054,8.086.000,0
PNJ0000055,10.896.000,0
PNJ0000056,1.795.000,0
PNJ0000057,18.025.000,0
PNJ0000058,53.840.000,0
PNJ0000059,129.868.000,0
PNJ0000060,432.751.000,0
PNJ0000061,1.895.000,0
PNJ0000062,27.787.000,0
PNJ0000063,37.376.000,0
PNJ0000064,55.782.000,0
PNJ0000065,78.389.000,0
PNJ0000066,1.355.000,0
PNJ0000067,2.295.000,0
PNJ0000068,33.484.000,0
PNJ0000069,855.000,0
PNJ0000070,27.615.000,0
PNJ0000071,102.614.000,0
PNJ0000072,2.195.000,0
PNJ0000073,8.800.000,0
PNJ0000074,8.800.000,0
PNJ0000075,7.990.000,0
PNJ0000076,7.990.000,0
PNJ0000077,9.900.000,0
PNJ0000078,3.900.000,0
PNJ0000079,4.500.000,0
PNJ0000080,3.200.000,0
PNJ0000081,7.200.000,0
PNJ0000082,8.800.000,0
PNJ0000083,8.800.000,0
HASFARM001,1.350.000,0
HASFARM002,1.250.000,0
HASFARM003,1.200.000,0
HASFARM004,800.000,0
HASFARM005,600.000,0
HASFARM006,940.000,0
HASFARM007,410.000,0
HASFARM008,950.000,0
HASFARM009,680.000,0
HASFARM010,820.000,0
HASFARM011,1.300.000,0
HASFARM012,1.200.000,0
HASFARM013,1.100.000,0
HASFARM014,1.200.000,0
HASFARM015,1.200.000,0
HASFARM016,550.000,0
HASFARM017,1.300.000,0
HASFARM018,1.500.000,0
HASFARM019,450.000,0
HASFARM020,3.400.000,0
HASFARM021,160.000,0
HASFARM022,220.000,0
HASFARM023,85.000,0
HASFARM024,69.000,0
HASFARM025,69.000,0
COOP000001,689.000,45
COOP000002,130.000,41
COOP000003,159.000,26
COOP000004,1.399.000,53
COOP000005,291.000,0
COOP000006,138.000,0
COOP000007,289.000,0
COOP000008,217.000,0
COOP000009,702.000,0
COOP000010,1.676.000,0
COOP000011,14.800,0
COOP000012,7.000,0
COOP000013,29.500,0
COOP000014,123.500,0
COOP000015,218.000,0
COOP000016,221.500,0
COOP000017,287.700,0
COOP000018,130.000,0
COOP000019,192.000,0
COOP000020,24.200,26
COOP000021,39.500,0
COOP000022,39.900,0
COOP000023,77.600,0
COOP000024,114.200,0
COOP000025,151.000,0
COOP000026,245.000,0
COOP000027,280.000,0
COOP000028,195.000,0
COOP000029,36.900,8
COOP000030,54.300,0
COOP000031,69.300,8
COOP000032,35.900,0
COOP000033,34.700,0
COOP000034,47.200,0
COOP000035,55.900,0
COOP000036,119.200,0
COOP000037,231.000,0
COOP000038,34.000,0
COOP000039,65.500,18
COOP000040,312.000,0
COOP000041,68.800,0
COOP000042,18.700,0
COOP000043,16.600,0
COOP000044,69.200,18
COOP000045,69.200,32
COOP000046,71.800,0
COOP000047,32.000,0
COOP000048,25.000,0
COOP000049,35.900,0
COOP000050,67.900,0
COOP000051,64.900,0
COOP000052,39.900,0
COOP000053,35.900,0
COOP000054,64.900,18
COOP000055,49.500,0
COOP000056,36.900,5
COOP000057,47.900,0
COOP000058,33.000,7
COOP000059,27.300,0
COOP000060,26.500,0
COOP000061,32.600,0
COOP000062,16.000,0
COOP000063,64.500,0
COOP000064,94.500,0
COOP000065,68.000,0
COOP000066,93.500,0
COOP000067,91.000,0
COOP000068,105.800,8
COOP000069,33.900,0
COOP000070,59.000,0
COOP000071,29.900,7
COOP000072,252.000,15
COOP000073,109.900,0
COOP000074,76.900,12
COOP000075,19.900,16
COOP000076,94.500,12
COOP000077,32.300,12
COOP000078,46.800,10
COOP000079,32.900,13
COOP000080,149.000,0
COOP000081,29.900,10
COOP000082,129.500,0
COOP000083,73.500,20
COOP000084,75.000,0
COOP000085,25.500,0
COOP000086,105.000,0
COOP000087,105.000,25
COOP000088,32.000,0
COOP000089,10.500,0
COOP000090,247.000,0
COOP000091,109.500,36
COOP000092,51.000,19
COOP000093,6.300,0
COOP000094,129.000,24
COOP000095,75.200,0
COOP000096,25.800,0
COOP000097,23.600,0
COOP000098,22.900,28
COOP000099,11.200,30
COOP000100,18.600,0
COOP000101,17.500,0
COOP000102,120.000,50
COOP000103,32.400,0
COOP000104,46.200,16
COOP000105,28.300,30
COOP000106,32.200,0
COOP000107,43.900,0
COOP000108,23.500,0
COOP000109,23.500,0
COOP000110,52.000,20
COOP000111,54.000,0
COOP000112,94.600,0
COOP000113,84.700,0
COOP000114,43.200,0
COOP000115,39.300,8
COOP000116,37.400,0
COOP000117,71.600,0
COOP000118,56.500,0
COOP000119,51.600,22
COOP000120,21.400,0
COOP000121,21.400,0
COOP000122,21.400,0
COOP000123,25.000,0
COOP000124,25.000,0
COOP000125,29.200,0
COOP000126,91.500,0
COOP000127,28.000,0
COOP000128,29.000,0
COOP000129,22.500,0
COOP000130,35.000,0
COOP000131,35.100,0
COOP000132,117.600,0
COOP000133,52.500,0
COOP000134,45.000,0
COOP000135,9.000,0
COOP000136,9.000,0
COOP000137,93.300,0
COOP000138,46.700,0
COOP000139,51.200,9
COOP000140,32.000,0
COOP000141,375.000,0
COOP000142,198.000,16
COOP000143,43.500,0
COOP000144,49.000,0
COOP000145,439.000,0
COOP000146,41.000,0
COOP000147,25.500,0
COOP000148,512.000,0
COOP000149,91.500,0
COOP000150,69.200,19
COOP000151,54.300,0
COOP000152,69.200,0
COOP000153,58.500,0
COOP000154,82.000,0
COOP000155,94.500,0
COOP000156,34.000,0
COOP000157,34.000,0
COOP000158,300.000,0
COOP000159,318.000,25
COOP000160,425.000,0
COOP000161,181.200,10
COOP000162,201.200,0
COOP000163,69.500,16
COOP000164,317.900,0
COOP000165,477.500,0
COOP000166,38.000,0
COOP000167,8.000,0
COOP000168,35.000,0
COOP000169,77.300,0
COOP000170,189.900,0
COOP000171,55.000,0
COOP000172,199.900,0
COOP000173,331.000,0
AEON000001,250.000,28
AEON000002,176.700,0
AEON000003,119.000,0
AEON000004,65.000,0
AEON000005,34.000,0
AEON000006,28.000,0
AEON000007,31.400,0
AEON000008,31.400,0
AEON000009,21.000,0
AEON000010,18.600,0
AEON000011,649.000,0
AEON000012,54.000,0
AEON000013,135.000,15
AEON000014,44.000,0
AEON000015,69.000,0
AEON000016,355.000,0
AEON000017,315.000,0
AEON000018,325.000,0
AEON000019,315.000,0
AEON000020,325.000,0
AEON000021,315.000,0
AEON000022,195.300,0
AEON000023,165.900,0
AEON000024,19.400,0
AEON000025,49.000,0
AEON000026,588.100,0
AEON000027,30.000,0
AEON000028,50.000,0
AEON000029,55.000,0
AEON000030,30.000,0
AEON000031,75.000,0
ICHI000001,53.000,0
ICHI000002,76.000,0
ICHI000003,109.000,0
ICHI000004,790.000,0
ICHI000005,75.000,0
ICHI000006,47.500,0
ICHI000007,54.000,0
ICHI000008,59.500,0
ICHI000009,72.000,0
ICHI000010,32.000,0
ICHI000011,20.000,0
ICHI000012,45.000,0
ICHI000013,48.000,0
ICHI000014,55.000,0
ICHI000015,68.000,0
ICHI000016,39.000,0
ICHI000017,44.000,0
ICHI000018,49.000,0
ICHI000019,55.000,0
ICHI000020,60.000,0
ICHI000021,20.000,0
ICHI000022,46.000,0
ICHI000023,32.000,0
ICHI000024,38.000,0
ICHI000025,39.000,0
LOTTE00001,74.500,6
LOTTE00002,42.100,0
LOTTE00003,165.900,0
LOTTE00004,26.100,0
LOTTE00005,37.900,0
LOTTE00006,22.600,0
LOTTE00007,32.000,0
LOTTE00008,316.900,0
LOTTE00009,196.900,0
LOTTE00010,78.900,0
LOTTE00011,78.900,0
LOTTE00012,375.900,0
LOTTE00013,159.900,0
LOTTE00014,90.900,0
LOTTE00015,375.900,0
LOTTE00016,30.500,0
LOTTE00017,35.500,0
LOTTE00018,169.900,0
LOTTE00019,129.900,0
LOTTE00020,126.700,0
KRMART0001,105.000,0
KRMART0002,75.000,0
KRMART0003,55.000,0
KRMART0004,73.000,0
KRMART0005,145.000,0
KRMART0006,99.000,0
KRMART0007,180.000,0
KRMART0008,54.000,0
KRMART0009,179.000,0
KRMART0010,95.000,0
STHAI00001,133.000,0
STHAI00002,72.000,0
STHAI00003,293.000,0
STHAI00004,140.000,11
STHAI00005,62.000,0
STHAI00006,72.000,0
STHAI00007,144.000,0
STHAI00008,110.000,0
STHAI00009,82.000,0
STHAI00010,80.000,0
STHAI00011,52.000,0
STHAI00012,69.000,0
STHAI00013,192.000,0
STHAI00014,152.000,0
STHAI00015,125.000,0
STHAI00016,53.000,0
STHAI00017,93.000,0
STHAI00018,420.000,0
STHAI00019,115.000,0
STHAI00020,89.000,0
STHAI00021,480.000,0
STHAI00022,548.000,0
STHAI00023,42.000,0
STHAI00024,72.000,0
STHAI00025,45.000,0
STHAI00026,33.000,0
STHAI00027,28.000,0
STHAI00028,269.000,0
STHAI00029,120.000,0
STHAI00030,36.000,0
STHAI00031,29.000,0
STHAI00032,36.000,0
STHAI00033,58.000,0
